start_ver,start_hor,end_ver,end_hor,number_of_trials,total_cal_time,initial_point_ver,initial_point_hor,optimal_point_ver,optimal_point_hor
-1400.0,-1100.0,0.0,0.0,2.0,1187.3,-1033.6674128270156,-736.1603619919076,-1027.4465799911256,-755.9100577166048
,,,,,,-874.7860549672558,-584.5325075649154,-873.0063977820148,-608.0589752292153
,,,,,,-732.428776730112,-453.85706549714223,-724.8807921954412,-485.62939189499554
,,,,,,-605.6899900456855,-342.90395226954075,-597.4577904707663,-374.7299767792068
,,,,,,-491.0328981667994,-248.36171519684316,-477.78979693436963,-264.6425327237363
,,,,,,-390.8155959083833,-171.94074587603424,-372.43278649339203,-182.60290797136827
,,,,,,-304.175618441963,-112.4695361937359,-259.6093514555313,-117.70478205514169
