start_ver,start_hor,end_ver,end_hor,number_of_trials,total_cal_time,initial_point_ver,initial_point_hor,optimal_point_ver,optimal_point_hor
-2500.0,800.0,-300.0,250.0,3.0,128.28,-1925.6819239837218,688.3893469087415,-1921.123989779369,683.8269582542687
,,,,,,-1660.9821897854063,634.9749215359432,-1662.9658285563687,626.6854948085651
,,,,,,-1426.9033275898341,586.0373064979999,-1429.143144488946,574.6471230311093
,,,,,,-1221.552930235097,541.3308083899603,-1215.6152763016898,526.4328770322248
,,,,,,-1043.0897366987986,500.6163741691695,-1007.9155356497465,480.3779823343683
,,,,,,-889.7236320980546,463.66159115526864,-859.5318936097617,447.1359623509654
,,,,,,-756.0658399222175,429.26556107941514,-732.205722885338,418.8037763975351
,,,,,,-645.1865116907691,398.3281524530342,-546.9148450347402,369.1493339631583
,,,,,,-552.8732321018151,369.8011953400905,-473.3341968826269,342.3672270910665
