start_ver,start_hor,end_ver,end_hor,number_of_trials,total_cal_time,initial_point_ver,initial_point_hor,optimal_point_ver,optimal_point_hor
-2000.0,750.0,0.0,0.0,2.0,843.57,-1484.4611528822056,502.2556390977444,-1411.2592164213697,478.94631571259276
,,,,,,-1247.5187969924812,415.03759398496237,-1260.5975419027316,423.4695783142973
,,,,,,-1035.0877192982455,336.84210526315786,-1046.1951358369136,344.4221374742612
,,,,,,-847.1679197994989,267.66917293233087,-886.3499978351695,284.7951156657768
,,,,,,-683.7593984962407,207.51879699248127,-759.316285082415,237.60311625962999
,,,,,,-544.8621553884711,156.39097744360902,-611.9821679687697,182.7425870805841
,,,,,,-422.3057644110277,111.27819548872186,-467.30762927326947,129.26007689976862
,,,,,,-320.1754385964913,73.68421052631582,-362.24475592660184,90.82102786213771
,,,,,,-234.38596491228068,42.10526315789473,-200.8068443499173,30.421229410719697
