start_ver,start_hor,end_ver,end_hor,number_of_trials,total_cal_time,initial_point_ver,initial_point_hor,optimal_point_ver,optimal_point_hor
-1300.0,1500.0,-200.0,-80.0,3.0,76.26,-1226.589563766204,1029.4742416440868,-1132.3208740817836,1049.1410122795362
,,,,,,-1162.6823472274814,791.9187105000881,-1037.723489123309,827.7218867666422
,,,,,,-1029.3912746969347,611.9207983028527,-943.8174164359605,634.2768480148239
,,,,,,-878.9609407688338,483.85486497911427,-852.8088918439337,467.80015273798705
,,,,,,-742.7280862716718,377.2835968669259,-761.8500077107154,328.11666619301957
,,,,,,-627.74885710425,279.6736861099971,-672.4383053194614,213.92834827147573
,,,,,,-535.8702161558714,190.9867418922002,-588.2838367850875,121.82553623888788
,,,,,,-463.05099795410973,111.12118994374514,-514.8734451028481,45.376937443585355
,,,,,,-406.76511712572545,42.062154067450614,-377.2120967238375,-74.99552109331314
