start_ver,start_hor,end_ver,end_hor,number_of_trials,total_cal_time,initial_point_ver,initial_point_hor,optimal_point_ver,optimal_point_hor
-1300.0,1500.0,-200.0,-80.0,3.0,129.17,-1226.589563766204,1029.4742416440868,-1121.7236532982827,1055.7854714000152
,,,,,,-1162.6823472274814,791.9187105000881,-1029.1511969457163,832.9813458890694
,,,,,,-1029.3912746969347,611.9207983028527,-943.2510884720512,636.6936040242201
,,,,,,-878.9609407688338,483.85486497911427,-851.0874157684855,465.3712118602556
,,,,,,-742.7280862716718,377.2835968669259,-760.4621958428727,325.95746112135583
,,,,,,-627.74885710425,279.6736861099971,-671.3428095257019,211.99466365904297
,,,,,,-535.8702161558714,190.9867418922002,-589.879285235113,117.90056798368283
,,,,,,-463.05099795410973,111.12118994374514,-514.6193068946711,43.36430003716616
,,,,,,-406.76511712572545,42.062154067450614,-377.20746990526163,-74.99558615634152
