start_ver,start_hor,end_ver,end_hor,number_of_trials,total_cal_time,initial_point_ver,initial_point_hor,optimal_point_ver,optimal_point_hor
-1300.0,1500.0,-200.0,-80.0,1.0,411.94,-1058.609022556391,1009.1353383458646,-1129.7248406627562,1121.194063983104
,,,,,,-927.7443609022557,816.1654135338347,-933.0721121816964,828.766069826646
,,,,,,-812.4060150375941,646.0902255639098,-813.9111975205338,652.2541317726358
,,,,,,-710.375939849624,495.6390977443609,-689.4383455020687,467.48803241045215
,,,,,,-621.6541353383459,364.812030075188,-644.6537130575138,401.2523719385698
,,,,,,-546.2406015037595,253.60902255639112,-549.4895809222883,259.74400397118615
,,,,,,-481.9172932330827,158.75939849624066,-500.1122472733639,186.3559656934699
,,,,,,-428.68421052631584,80.26315789473692,-380.66687303755924,9.351084171722881
