start_ver,start_hor,end_ver,end_hor,number_of_trials,total_cal_time,initial_point_ver,initial_point_hor,optimal_point_ver,optimal_point_hor
-1000.0,650.0,0.0,0.0,3.0,57.49,-721.3065893409611,371.41530255725525,-710.6587722351339,383.2544969831884
,,,,,,-596.455896412932,268.7988064849392,-579.093767514666,291.0133799713223
,,,,,,-480.5148074267301,188.49922873779508,-422.9038286912067,185.86600907033147
,,,,,,-377.2375667058804,129.0493509103945,-308.5739738391641,109.23869466624583
,,,,,,-286.70129011697225,86.23945843291203,-227.28265118270332,71.46475258606398
