start_ver,start_hor,end_ver,end_hor,number_of_trials,total_cal_time,initial_point_ver,initial_point_hor,optimal_point_ver,optimal_point_hor
-1800.0,0.0,0.0,0.0,3.0,112.33,-1452.1969397177152,316.73620140577003,-1424.6634438904025,279.4323017399465
,,,,,,-1237.4259212624866,433.7467472509024,-1207.6590158680683,380.62694320300864
,,,,,,-1017.979578131933,488.69792389380837,-1002.7181445609375,455.26694349095084
,,,,,,-813.7047762948041,484.6963958083863,-810.1141875084289,405.5532619938552
,,,,,,-637.8176901584106,440.9690322868005,-643.9188155679943,354.91152614619494
,,,,,,-491.8379081675482,377.68656089985745,-498.032705310131,315.6270401345931
,,,,,,-372.8868223189553,308.70625812651934,-375.6402019481748,270.94559016761747
,,,,,,-277.68578143924424,242.57530360419176,-273.82314366624547,223.38658513013957
,,,,,,-202.64962645849073,183.77234953412238,-128.84440365310965,121.76632333292778
