start_ver,start_hor,end_ver,end_hor,number_of_trials,total_cal_time,initial_point_ver,initial_point_hor,optimal_point_ver,optimal_point_hor
-1400.0,-800.0,0.0,-10.0,2.0,1646.84,-1022.286336733066,-496.5315781284886,-998.5752411162774,-516.7983000341752
,,,,,,-855.12022586877,-377.4471149136078,-808.9642837184377,-417.95946751980995
,,,,,,-705.2902879763674,-281.76480536152104,-656.6329446955051,-334.43539287011816
,,,,,,-571.5735664398171,-206.20202782277505,-516.866876247099,-256.29129954969426
,,,,,,-452.83940325560985,-147.7239056780636,-381.8823690883671,-170.25876615235714
,,,,,,-348.0494390327668,-103.54330733822799,-278.24878780212424,-105.70688293870758
,,,,,,-258.70386117638316,-71.9042245902211,-174.8768359236684,-46.02977011258958
