start_ver,start_hor,end_ver,end_hor,number_of_trials,total_cal_time,initial_point_ver,initial_point_hor,optimal_point_ver,optimal_point_hor
-1400.0,-800.0,0.0,-10.0,2.0,442.67,-1022.286336733066,-496.5315781284886,-1007.8428586159902,-498.1137631240159
,,,,,,-855.12022586877,-377.4471149136078,-834.1322535438721,-397.72074931275114
,,,,,,-705.2902879763674,-281.76480536152104,-668.930694576103,-303.2771346043335
,,,,,,-571.5735664398171,-206.20202782277505,-535.891266588385,-228.63383222342262
,,,,,,-452.83940325560985,-147.7239056780636,-423.23813825819497,-167.57377153831928
,,,,,,-348.0494390327668,-103.54330733822799,-324.77418140325005,-114.56742852471082
,,,,,,-258.70386117638316,-71.9042245902211,-241.3159560557232,-75.65297779897756
