start_ver,start_hor,end_ver,end_hor,number_of_trials,total_cal_time,initial_point_ver,initial_point_hor,optimal_point_ver,optimal_point_hor
-1400.0,-800.0,0.0,-10.0,3.0,38.81,-1054.3279380717806,-524.7536945812808,-1043.529185544377,-528.0483828311852
,,,,,,-883.2829199435371,-401.83557805584746,-865.2194023889086,-417.79645165919896
,,,,,,-728.894979649452,-301.18667812907955,-708.451808871653,-324.8272650940792
,,,,,,-592.7042565362503,-221.70739916942995,-573.6823726286748,-245.2946414913909
,,,,,,-470.5367688515213,-158.90258768518396,-458.2752669459912,-176.0981275980325
,,,,,,-363.87207756665885,-111.54396881495937,-365.9454796859414,-109.15650761875276
,,,,,,-273.8657810371578,-77.71511355521291,-285.66612779527975,-56.23165395245699
