start_ver,start_hor,end_ver,end_hor,number_of_trials,total_cal_time,initial_point_ver,initial_point_hor,optimal_point_ver,optimal_point_hor
-1400.0,-800.0,0.0,-10.0,3.0,44.02,-1054.3279380717806,-524.7536945812808,-1047.787529898679,-531.0175539252933
,,,,,,-883.2829199435371,-401.83557805584746,-868.7821013614528,-427.61756662552176
,,,,,,-728.894979649452,-301.18667812907955,-708.7983769053353,-342.53508400023514
,,,,,,-592.7042565362503,-221.70739916942995,-573.2526759623672,-262.6706837497501
,,,,,,-470.5367688515213,-158.90258768518396,-459.4605621292559,-189.62537248122922
,,,,,,-363.87207756665885,-111.54396881495937,-368.48763748334443,-119.32880897382718
,,,,,,-273.8657810371578,-77.71511355521291,-289.71539905380695,-62.63533312179836
