start_ver,start_hor,end_ver,end_hor,number_of_trials,total_cal_time,initial_point_ver,initial_point_hor,optimal_point_ver,optimal_point_hor
-1400.0,-800.0,0.0,-10.0,2.0,288.73,-1022.286336733066,-496.5315781284886,-1021.1890002419485,-497.0390733827279
,,,,,,-855.12022586877,-377.4471149136078,-793.4914481941356,-353.9872011810118
,,,,,,-705.2902879763674,-281.76480536152104,-604.3383754361911,-254.0881483777763
,,,,,,-571.5735664398171,-206.20202782277505,-447.79315059222415,-187.97825607931046
,,,,,,-452.83940325560985,-147.7239056780636,-347.80711914565484,-135.43030766331995
,,,,,,-348.0494390327668,-103.54330733822799,-263.8256355802157,-87.1019236064177
,,,,,,-258.70386117638316,-71.9042245902211,-176.16747881396495,-46.37581040804726
